{"pemasukan": [{"tanggal": "25-10-2023 18:20:06", "sumber": "orang tua", "jumlah": 1000000}], "pengeluaran": [{"tanggal": "25-10-2023 18:20:32", "jenis_pengeluaran": "beli bakso", "banyak_barang": 1, "nama_barang": ["bakso"], "jumlah": 5000}, {"tanggal": "25-10-2023 18:20:53", "jenis_pengeluaran": "makan", "banyak_barang": 2, "nama_barang": ["minum es teh", "bakso"], "jumlah": 10000}, {"tanggal": "25-10-2023 18:29:46", "jenis_pengeluaran": "bensin", "banyak_barang": 1, "nama_barang": ["bensin pertalite 1tiler"], "jumlah": 10000}]}